,no2_ref
2302,5.3
835,14.1
4024,7.9
778,1.3
2676,2.8
3532,1.7
580,1.4
698,20.8
1038,1.9
5460,1.5
3004,1.6
6983,17.8
4482,4.5
3952,1.1
2080,4.4
2468,3.6
6203,1.8
4982,1.9
2743,1.1
6503,2.8
7097,4.8
4300,5.4
3823,0.8
1384,4.1
5474,6.1
5702,5.7
6703,13.9
3340,3.0
5505,3.0
4917,2.3
1662,3.5
7156,8.0
2299,12.5
1771,26.8
3574,2.1
3550,2.7
1395,7.3
2761,9.0
7207,2.6
2947,3.9
5131,4.9
7773,6.3
2376,1.2
522,6.3
7124,7.3
8164,2.8
2452,3.5
1581,6.0
5810,2.0
5880,8.4
5185,3.0
6012,11.6
7584,21.5
7142,6.1
7932,6.5
5982,2.1
3598,1.4
6901,3.2
7605,13.0
6237,3.7
7266,3.9
6222,1.0
35,3.6
1350,2.3
7790,27.5
4469,2.1
4661,3.5
2490,2.0
826,3.8
426,21.6
4294,7.3
8091,4.2
2024,7.1
5385,2.4
5345,3.2
7238,22.6
3588,5.3
158,6.4
1939,3.6
1258,1.7
5374,1.5
5290,7.1
7738,7.4
4620,3.8
2258,2.1
5670,6.2
1682,3.1
3282,1.9
3846,0.9
5217,1.9
6644,6.0
686,6.5
3027,4.5
3528,2.4
5878,9.6
5536,3.2
653,17.4
352,2.9
326,2.7
4365,2.1
7574,2.5
518,8.7
7576,2.6
293,9.1
17,2.7
3581,10.0
3504,2.5
2972,4.2
7033,7.1
7944,1.8
1215,3.8
700,8.2
2214,1.2
723,7.4
4968,2.5
3658,2.9
6495,9.7
3182,2.0
3712,4.6
7127,6.2
7426,2.5
1645,15.6
7301,1.1
3576,2.7
911,26.9
5570,5.3
1731,4.7
5762,4.9
5418,1.3
6666,7.1
5772,1.3
6498,12.7
2949,3.1
4068,2.3
5379,2.5
6897,8.4
3313,4.1
5059,2.7
5225,11.3
5456,5.8
7070,8.8
1753,4.1
3017,6.1
3229,1.5
5937,0.8
6809,9.5
3988,1.4
2952,1.7
7327,1.9
2454,2.8
2254,10.1
4701,3.6
4413,6.5
6780,1.5
2402,6.9
5874,9.0
5317,2.2
6524,1.8
3912,2.3
1221,4.4
5470,8.9
1229,4.0
7006,20.5
4077,1.4
2056,0.8
2856,11.7
6342,14.5
299,2.8
1386,4.2
3705,2.2
6394,5.7
5466,3.0
5166,2.3
6873,18.5
5593,3.0
2156,3.3
3961,1.6
2053,0.8
3765,1.9
6765,9.0
856,3.7
5012,2.0
4477,3.6
1750,2.8
7405,4.3
6334,9.7
5842,1.1
2645,1.4
6998,5.2
3861,4.8
5098,4.1
6078,3.1
7862,0.7
7164,2.8
3924,3.0
1432,2.2
2116,1.2
550,3.3
6321,3.1
6790,5.1
3688,1.3
1934,8.3
6879,17.7
1047,27.2
5187,2.2
7287,2.6
3306,2.2
5721,2.7
1080,13.6
302,2.2
2448,3.1
5011,2.4
2278,1.3
6903,6.0
4110,3.2
539,6.0
6681,14.8
741,13.9
1356,5.0
7729,1.7
7644,8.9
4423,3.1
4526,2.5
6254,1.2
2115,1.3
5181,2.2
4064,4.2
1286,6.5
2245,13.7
6908,9.6
5213,2.4
8003,22.7
7822,23.9
3755,0.9
6619,5.5
5707,2.6
1785,15.8
4576,6.9
4232,1.0
3272,5.5
7075,3.9
7338,15.3
1494,1.2
3090,1.3
4289,5.6
3457,0.9
1464,29.8
1017,10.6
8002,16.6
8077,20.6
1126,5.9
2095,2.0
2228,8.9
2389,2.4
6005,2.6
7183,8.9
1331,2.8
6640,8.3
154,4.0
1353,3.9
962,0.9
6512,3.2
1689,1.2
4066,3.3
5101,3.3
5714,3.5
1505,2.8
431,4.7
8049,14.2
3428,0.9
2420,3.5
4552,3.8
4241,1.5
5388,2.3
3033,8.6
6963,4.4
1492,1.6
2332,3.9
6289,10.7
4086,2.0
4180,3.6
4973,1.4
8021,17.1
2933,1.7
3519,3.7
3780,1.5
7081,6.7
6831,19.7
68,20.3
7479,11.6
2963,4.6
1555,2.7
2939,10.2
3615,5.7
1437,1.2
3605,9.4
1761,13.2
7275,1.7
2830,4.3
1992,2.4
3586,5.0
534,3.6
7366,6.4
6150,5.9
7638,26.4
589,6.4
5127,6.6
422,7.1
91,5.3
2281,1.0
4737,1.3
2989,2.0
2634,2.8
7683,13.5
7899,3.8
5275,2.6
1917,2.5
244,6.7
6408,1.0
4613,4.6
7382,2.1
3260,0.7
5675,4.7
2333,3.0
3917,1.9
6330,7.4
2618,9.1
5211,1.8
2179,5.2
5888,1.8
4935,2.3
1092,5.6
7268,2.2
2580,1.6
5077,9.6
2247,13.6
3134,1.5
5641,3.8
5799,2.0
5746,1.2
718,5.4
5554,3.4
8048,13.8
2239,6.6
4738,1.4
1649,6.5
6341,8.7
5752,1.1
439,8.7
2721,11.3
6189,5.6
5154,8.1
7148,30.6
7002,5.2
4162,4.1
4121,1.3
5453,4.3
7569,4.7
1942,3.9
4762,2.7
4652,2.1
7925,9.4
7836,26.4
685,6.5
2807,4.4
5068,0.9
937,4.1
1607,3.4
5891,2.6
6338,9.0
5182,4.2
5698,2.6
5788,3.8
5479,5.7
4381,1.7
2632,4.5
7798,20.3
8138,10.8
4944,1.9
1135,12.5
1460,10.8
390,15.8
6433,2.8
365,5.2
4474,8.4
1587,2.2
1767,19.1
6659,11.7
1988,1.0
2223,14.2
5156,6.7
2031,2.9
7111,17.8
5334,3.1
4218,3.0
7121,9.3
3860,4.8
665,5.0
321,3.3
5248,1.2
3230,1.5
3191,2.5
5365,5.3
3603,3.0
6058,2.2
7635,24.9
5988,5.8
1618,11.8
2394,3.8
6165,7.4
2100,1.9
6847,5.2
1110,1.9
471,6.8
5463,1.8
1955,31.3
7083,13.5
1692,1.8
4509,2.4
2266,7.0
83,12.9
4154,3.5
4004,8.0
96,3.7
5320,1.1
289,3.3
711,1.7
6767,3.6
5826,2.0
2426,3.0
497,9.3
1522,2.3
3057,1.4
6369,4.9
7646,6.1
3953,1.3
5882,1.7
7480,9.7
4198,2.6
1144,6.3
1341,2.4
3742,1.7
4844,3.6
5148,1.9
2751,1.6
2936,1.9
4927,1.4
7826,4.3
7430,3.4
4886,2.7
463,5.8
7278,2.1
6610,10.6
513,11.7
4872,3.7
5031,1.3
2441,1.8
2700,3.2
3148,3.0
5674,7.2
757,4.2
5253,2.6
6217,1.1
7844,13.2
2114,1.6
6140,6.8
915,33.6
3126,1.5
6063,3.8
8010,10.9
1856,19.2
4895,1.0
5849,7.9
8099,8.3
1247,12.6
2932,1.4
4167,5.1
7544,7.0
73,16.2
3696,4.2
919,8.1
1559,3.7
4139,2.1
7196,5.3
6612,11.3
128,14.7
1245,10.2
3652,0.8
2470,4.1
6892,3.9
2172,2.8
6115,2.5
5145,0.9
5363,2.2
671,9.4
7061,16.0
466,5.4
3934,3.0
4150,1.8
617,3.2
3797,2.2
2065,7.3
6402,2.7
891,8.9
4342,3.9
354,3.8
1826,7.9
7456,30.9
6207,2.1
6143,14.3
5806,3.4
1996,4.5
6403,2.6
4303,3.8
3723,3.3
3676,3.5
1159,5.0
7316,1.5
3391,7.9
4530,2.0
295,9.1
2946,4.8
2554,3.2
3620,3.2
7048,1.5
1631,1.2
7613,8.9
1138,18.2
1423,2.6
7065,13.8
7018,5.4
2610,4.4
7073,9.7
308,2.5
2437,2.1
994,12.6
145,21.9
3713,4.1
7873,1.5
5581,2.5
2175,3.9
1806,3.8
3849,0.9
1016,7.4
2882,1.9
3891,1.5
2781,7.5
1053,29.7
2699,3.1
1569,3.5
2042,1.7
2918,5.9
4027,3.5
7983,14.5
3871,2.2
3822,0.7
6966,6.5
5664,2.5
3775,1.5
6636,4.7
1665,1.2
7408,6.7
2099,2.3
4628,1.6
2216,1.4
4916,2.9
4974,2.0
1366,15.6
2207,1.4
269,12.1
7437,1.8
1090,4.9
3862,4.6
1504,2.3
842,35.3
7378,1.2
5121,1.1
1318,5.0
5734,2.4
478,4.2
3674,2.4
5946,1.6
230,18.3
7307,10.3
3357,2.3
6493,10.5
3613,4.6
7564,3.9
818,15.8
5526,8.4
6672,16.1
3564,8.1
7113,20.4
7747,22.9
1700,1.5
4054,1.7
3074,1.7
6569,1.1
8142,5.3
8000,27.2
2716,2.2
769,8.8
1935,5.8
7436,1.6
5267,1.4
8101,5.8
2183,1.1
2567,2.0
357,5.1
25,24.2
4337,1.9
6061,4.3
1498,2.3
5690,3.6
7511,8.5
6065,3.3
5890,2.9
3804,1.4
3989,1.3
7741,10.8
4059,2.2
7720,2.6
2818,0.8
6631,3.3
4900,4.0
5329,1.9
7262,4.5
865,7.2
1330,2.6
967,1.2
3081,3.5
8008,9.7
5560,4.9
3966,1.3
3735,2.1
2790,2.8
6366,1.7
3301,3.6
5197,7.2
4703,3.3
3946,1.5
873,7.9
1519,2.4
5447,5.0
3233,1.0
6333,10.7
2357,2.7
4156,3.4
3413,4.0
7763,6.0
5646,1.2
3136,1.3
3363,2.3
1746,5.4
7673,5.3
4031,1.8
325,2.7
3310,3.7
6137,5.6
3287,3.2
557,15.1
1860,28.0
5816,3.4
6422,1.7
5266,1.2
148,8.3
7206,8.9
125,10.7
1438,1.3
6092,1.8
4723,6.0
239,8.8
566,24.6
6258,3.2
2976,0.6
6760,8.4
5414,1.0
4497,3.0
6227,0.9
7570,5.7
5687,2.1
2130,3.5
4075,1.7
1472,1.1
4699,3.0
8116,4.4
5599,1.2
7341,2.1
3159,1.1
6988,16.4
6084,3.4
3624,2.4
5294,3.3
3819,1.5
3983,1.7
7824,3.7
2768,2.0
5066,0.8
2036,4.9
7912,5.8
5603,1.5
4260,1.5
7347,6.9
1880,4.9
1352,4.6
4070,3.2
7821,27.5
2477,7.2
5844,1.2
7514,20.1
7705,0.7
2883,1.1
8148,1.9
4409,2.9
3899,1.8
3013,4.1
2255,2.6
7568,3.3
5200,2.6
1347,9.5
1015,5.0
3751,1.0
2662,1.5
7404,3.3
7943,2.0
7990,9.4
5058,2.3
2549,2.2
5650,2.4
4050,5.0
5835,2.1
3727,6.3
2969,0.8
6101,9.2
1517,2.2
4896,1.1
1443,2.1
5105,2.3
5802,1.8
4500,4.2
8039,26.7
5102,1.7
1815,3.7
7434,2.4
2788,14.3
4825,0.9
5648,3.3
7565,2.9
3693,8.4
6134,9.4
4918,3.6
6867,7.5
5371,3.4
7311,14.2
6263,4.0
2160,1.7
2044,1.6
7997,10.4
2271,5.3
6097,6.4
3544,7.7
4401,1.8
4056,2.2
437,14.1
5372,3.9
1777,3.7
644,11.9
4257,2.1
2784,11.2
8056,17.4
2168,1.6
4490,1.4
1847,2.6
309,2.6
3386,8.0
955,1.2
7168,6.9
6215,1.4
8168,1.8
7146,22.6
4586,3.1
2310,6.4
3286,2.0
4331,1.9
597,4.6
344,3.2
788,1.7
1428,4.6
4384,1.0
2261,5.5
6158,3.3
4172,3.2
5511,2.4
1526,2.8
225,2.1
6783,2.0
3278,1.9
5396,1.0
6469,7.5
2540,1.6
1742,10.3
1105,3.1
3178,10.0
7384,7.2
6800,14.4
5522,8.1
3423,0.8
7159,7.8
5433,9.8
3165,1.2
1103,2.8
3502,3.7
3720,6.3
2051,1.0
122,8.5
2738,4.1
1409,3.2
6452,12.0
3192,3.5
433,8.0
1170,3.7
2249,17.9
245,6.8
2014,4.6
3493,5.0
1055,8.5
6643,6.3
1264,2.0
4420,1.8
5018,4.7
6496,10.2
6871,15.8
7074,12.5
2121,2.1
5333,2.0
886,10.7
7296,2.0
6505,1.5
3489,7.8
2557,2.2
6748,1.1
4608,1.4
3927,1.2
1289,8.8
6893,4.4
2364,1.6
4279,1.4
7025,1.0
2695,2.2
5252,2.9
5507,3.0
6085,3.0
4722,5.3
655,19.4
5142,0.9
1107,2.3
5346,3.0
619,10.3
4728,7.1
1876,3.5
1583,1.3
2958,0.8
632,9.6
4292,7.3
3686,3.4
7483,8.2
642,6.5
2909,1.4
2194,7.2
2877,4.8
4170,2.6
5408,6.6
3971,1.3
170,4.9
3937,2.0
3124,1.0
1797,6.7
8119,10.8
3241,2.3
2117,1.3
591,3.8
3744,1.8
2974,0.9
6430,1.9
8133,11.0
1566,1.8
1021,17.0
2951,2.1
2803,3.0
5208,4.4
2007,2.6
2091,5.8
2517,1.2
6722,1.8
6910,6.8
7109,17.9
5968,1.3
4802,1.5
555,10.7
1754,4.2
7928,6.3
1242,10.0
1987,0.9
7795,28.3
5678,7.0
210,6.9
5082,2.1
5958,1.1
6370,7.1
7684,9.8
2107,2.6
595,3.8
4647,4.3
1886,6.0
3900,2.0
5476,5.5
7377,1.8
4787,2.6
6585,1.4
5594,2.9
817,29.9
2077,3.2
4908,4.1
5161,6.2
3347,2.4
4404,1.3
2678,1.4
6501,10.1
1867,2.6
3440,1.8
2733,2.2
5139,1.3
6521,8.6
4637,6.0
6154,13.2
3666,2.2
7273,1.7
3190,1.9
5957,1.3
1691,1.6
4025,8.4
2457,3.4
4158,2.8
4639,4.7
2778,3.0
4369,1.5
1174,7.7
4453,2.3
7027,3.0
508,8.3
5051,1.8
4405,1.2
2208,1.1
6172,5.9
258,14.0
5399,2.1
5795,4.5
7611,11.8
4179,4.1
6927,4.9
6232,1.1
802,1.7
1357,6.2
6572,0.6
6336,8.8
1712,2.9
7216,4.0
4602,2.3
2300,8.4
2062,4.5
1235,3.4
2113,2.0
5911,0.7
2434,2.9
7383,5.5
2109,2.0
7470,15.5
1707,2.3
4100,1.9
3873,1.8
7933,6.0
2422,4.2
6825,4.1
2837,4.0
1949,26.1
3922,3.0
822,6.7
3388,13.1
7122,8.1
2013,3.6
4274,2.6
4532,1.6
322,3.3
23,11.5
1161,15.2
932,4.4
5178,3.0
2224,8.6
3157,1.2
2166,1.4
6414,1.2
5636,1.7
3131,4.2
6943,2.8
7508,5.8
3263,2.2
1548,3.1
7985,3.5
5580,2.2
4153,4.2
3467,1.0
5529,2.7
3992,2.4
1236,3.5
7186,2.0
1351,4.1
6228,0.8
6386,1.2
3689,1.3
2425,4.8
3103,4.3
7967,36.4
1892,1.0
2182,1.8
866,10.0
7331,2.7
490,4.4
1457,4.2
4471,2.1
7211,1.0
5002,2.5
1851,9.1
8179,2.3
7538,3.2
5496,6.2
7427,2.0
2137,11.0
3169,1.9
1254,4.3
7728,1.4
6379,3.6
7819,23.2
6542,2.9
7294,3.4
5723,2.6
5262,1.7
6972,7.7
1343,2.9
3135,1.3
6316,10.1
946,2.1
1481,4.0
301,2.9
1836,4.0
27,19.6
5444,4.7
3223,1.0
5405,9.4
3931,2.1
950,3.0
1193,5.6
7817,20.4
1515,1.5
6022,2.6
1984,1.5
1035,1.7
2689,4.1
3123,0.9
4055,2.0
3896,1.3
661,4.9
1487,5.6
5984,5.8
4556,1.0
2423,4.1
213,9.8
2834,7.8
6459,3.3
208,5.6
5556,2.3
2938,11.8
3580,11.9
8089,6.5
5037,1.7
3909,1.6
4627,1.8
1650,4.6
1588,3.4
4823,1.1
3180,5.0
7032,7.2
493,4.0
7047,1.4
7745,26.4
6048,4.0
5458,5.1
5953,1.1
4520,1.4
5251,1.5
381,7.5
4769,2.2
3001,1.2
4460,2.8
4910,4.9
6922,2.2
1698,1.5
2412,9.4
3832,2.1
1606,2.0
2854,14.1
5350,2.1
305,2.4
351,2.2
3345,2.9
2068,27.1
7045,1.6
4545,5.9
3660,3.0
1888,1.8
98,4.2
270,10.2
4838,4.8
3094,1.7
139,8.2
543,14.5
3538,3.0
6986,20.8
4983,1.6
7960,13.5
5196,6.3
7431,5.4
2494,2.5
1738,26.9
2879,15.6
4654,2.2
4891,1.4
2344,3.0
8016,17.5
2902,15.1
5387,3.9
2339,2.5
168,3.3
7226,11.7
2924,12.4
2950,2.3
4163,4.5
6095,4.6
6870,11.0
1759,12.1
1401,8.7
5605,2.8
6926,4.4
3641,2.0
3368,5.7
0,4.6
123,9.4
3492,4.6
1267,2.8
4632,2.2
5218,2.9
3627,3.0
5902,1.1
5912,0.6
6006,3.6
4290,4.3
2510,2.0
6127,6.6
2690,2.5
8180,2.8
5692,3.7
3770,4.3
8035,5.8
4152,3.9
4433,2.2
32,19.8
271,4.0
1252,9.0
4327,2.4
2888,1.3
2668,1.6
5352,1.7
2222,8.2
4174,2.8
4350,1.9
2522,1.0
6535,2.3
5301,1.3
1271,3.4
7619,16.8
7777,6.1
4849,1.6
3757,0.8
6798,11.5
16,2.5
5255,2.3
6944,3.1
4641,3.3
5711,1.7
2638,2.6
4926,1.6
6778,4.6
2386,1.8
5360,2.4
221,2.9
4568,5.3
3610,8.9
8076,16.8
1591,5.2
3604,5.3
6247,1.9
1155,4.9
6351,6.0
1801,8.5
7602,3.5
456,9.4
1288,6.8
8147,2.7
7123,8.9
1711,2.9
5328,0.9
4832,6.6
3776,1.8
2541,2.2
734,3.1
7999,17.3
8132,13.4
3523,2.8
3973,0.9
6509,1.7
6826,9.5
905,13.5
6302,3.8
6751,2.5
6332,11.9
118,5.0
7312,18.8
8172,0.8
1626,5.6
6553,1.5
3708,2.5
8042,20.0
3864,2.8
2248,12.6
7820,24.4
1926,2.5
6121,9.3
7539,3.2
986,6.8
1454,3.0
7633,31.7
667,6.5
5740,0.9
1243,11.9
6654,5.3
3416,5.9
6487,10.3
779,1.4
7878,2.9
943,1.8
7472,10.7
418,4.6
6016,10.2
1556,3.6
2926,6.8
3132,2.1
7444,17.6
4038,4.9
3852,1.0
6996,16.7
3083,11.8
5713,3.1
1720,3.8
5924,0.4
2798,0.6
5353,2.6
1233,4.4
7448,15.2
3435,0.5
1313,16.3
4773,1.6
3902,1.9
5366,3.2
4537,1.0
1728,2.6
355,4.6
487,6.8
2453,3.1
2762,6.0
6241,0.9
7209,1.2
3080,3.2
4789,2.2
3238,1.0
6652,12.4
6288,15.0
5672,5.1
755,5.7
4999,2.5
1614,6.5
7249,19.6
7512,13.0
1404,3.7
4210,1.8
4776,2.0
1308,8.3
6712,2.2
1050,26.9
4222,4.6
4171,2.9
2658,1.2
6806,3.3
5395,1.1
4933,3.3
1822,3.3
1391,3.1
461,8.8
3404,4.5
4445,1.4
1931,6.0
336,2.0
5203,3.0
5751,1.1
6739,1.7
7962,6.3
2505,2.1
3788,2.3
4550,3.4
3679,5.3
1821,3.7
4979,2.8
2747,2.1
689,8.1
414,5.4
7417,8.5
297,5.7
728,6.9
4759,2.7
799,1.8
7344,2.7
992,7.9
6793,6.4
252,6.9
5155,7.0
1237,3.1
4359,1.7
6225,1.0
2416,2.2
5428,8.6
20,10.4
3374,1.9
6803,4.9
5143,0.8
3431,0.7
5855,4.5
567,21.2
3028,3.0
2589,1.7
7969,29.6
3252,4.5
5846,3.3
6310,8.9
4311,5.1
5367,3.6
2075,2.4
7235,4.6
2955,1.0
5881,4.0
2546,2.2
241,9.1
2379,1.9
421,4.3
973,11.0
6415,1.2
2631,4.3
7203,22.9
974,25.9
2970,1.0
6170,8.0
3981,2.5
3790,2.5
2910,1.1
906,8.3
7672,3.8
1302,12.4
7185,2.2
2383,1.9
1453,3.2
1605,2.1
8032,1.5
4667,4.1
4905,2.8
1784,17.0
4971,3.0
709,1.9
54,17.7
5621,1.4
4958,3.4
2940,6.2
2487,1.9
4770,2.0
867,7.2
7011,8.8
4302,3.4
5272,1.4
5126,5.4
7917,3.7
1370,15.1
7883,5.5
1348,9.6
2028,3.8
6436,2.4
3994,2.8
7024,1.0
6280,6.5
6758,8.9
5575,1.6
5279,1.4
6686,14.1
1287,5.8
5055,6.6
3683,8.8
2811,2.3
1022,19.1
6615,12.4
7929,5.3
1325,4.6
5392,1.0
6268,7.3
837,20.4
2934,1.3
1937,5.3
3151,5.5
1375,2.7
2848,2.8
6762,10.0
2783,10.3
3617,2.4
6913,2.5
2164,1.4
2138,8.5
3919,2.0
2235,2.7
6331,10.2
6969,4.6
3239,1.2
7593,8.0
1143,6.8
2653,1.6
1311,10.8
3591,4.0
8001,20.0
696,22.2
7722,2.8
6733,3.4
3448,1.0
7782,1.9
7232,1.9
5512,2.1
4522,2.2
7859,1.3
6013,10.4
1695,2.9
7603,3.3
4261,1.6
6093,2.1
5930,0.5
7504,5.6
198,5.1
5735,1.9
2850,2.7
4452,4.6
133,13.8
1061,3.0
8029,3.3
260,17.2
3359,2.6
6231,1.1
3965,1.3
5201,2.4
8074,16.9
829,4.9
1774,23.5
6769,1.9
8090,3.7
4281,1.5
5896,1.7
554,7.0
7133,14.7
3522,3.6
1365,11.7
5926,0.5
770,6.0
1414,10.0
6248,1.2
2832,3.9
2414,3.7
8115,4.7
6042,7.9
4357,2.5
4827,3.1
703,10.2
2846,3.4
3466,1.0
5809,1.7
7393,4.1
4196,2.3
2758,6.5
1211,2.8
3486,3.7
6888,7.6
6634,2.5
7246,10.4
4205,2.3
2555,3.0
5191,1.5
5415,1.0
335,2.6
8103,2.5
6155,11.2
4159,2.8
6678,11.3
6560,1.4
5087,1.5
4646,4.0
6506,1.3
7732,3.1
1429,3.9
1912,4.8
7052,10.4
1599,3.0
2791,2.2
914,24.6
7328,1.9
1214,2.7
4786,2.9
5870,5.1
1177,5.4
5730,1.8
6166,11.4
2831,3.4
5477,5.4
7954,4.4
6705,15.3
1153,4.8
5990,5.1
3434,0.6
1858,24.2
7161,4.7
7909,4.3
6259,3.8
8041,22.3
5122,1.6
3839,5.2
3328,0.5
7462,7.6
7181,5.7
4663,6.1
2683,0.7
7506,7.2
6507,1.3
8011,12.6
705,7.2
4975,2.0
261,18.7
2200,16.6
2355,2.3
7343,2.2
1736,21.6
1328,2.2
3106,3.0
1164,6.3
3109,2.3
6896,6.7
6350,3.7
3050,0.9
8100,6.8
983,22.0
533,2.7
4097,5.4
3784,2.9
2799,0.6
7639,22.8
928,8.8
4101,2.4
8126,7.7
76,14.9
684,5.4
1417,12.7
1300,11.7
485,6.3
7014,10.0
7087,20.1
4012,2.0
6782,1.6
423,9.0
5805,3.3
7621,4.5
6816,13.6
56,20.4
3872,2.1
587,5.8
2810,2.3
39,8.9
6185,2.0
6789,6.1
7210,1.2
1434,2.0
5873,7.9
841,31.4
3596,1.8
3798,2.8
3407,4.9
4280,1.4
5344,3.1
4865,1.5
3255,1.0
5455,5.2
7706,0.6
6646,8.6
940,2.0
1661,3.6
7322,1.8
5796,3.8
7085,17.8
5910,1.0
3536,2.2
669,5.9
3505,2.3
5499,5.6
7394,5.8
5348,3.1
6994,19.9
5869,4.8
1669,0.9
1664,1.8
4985,1.7
1713,2.7
1852,4.0
7993,13.4
7769,2.6
7907,4.6
1074,4.2
3023,2.3
8014,19.0
5403,6.2
7468,17.1
7981,26.3
1502,3.3
3419,2.5
4879,1.5
6133,14.2
5426,6.1
1403,7.5
473,6.0
4909,4.1
6113,1.5
109,6.7
956,1.3
814,29.0
833,10.1
5959,1.0
5017,3.4
6050,5.5
4034,2.3
135,14.9
5530,3.2
7128,5.9
5825,2.2
7757,16.2
4177,4.8
1726,1.8
3709,3.3
8156,1.9
3632,3.7
5791,3.6
4069,2.5
6360,5.9
7240,27.7
4431,2.0
5840,3.9
4903,3.3
3634,3.1
2609,3.3
6842,16.1
7811,30.6
3142,1.3
209,6.8
1733,8.6
3972,1.5
5552,6.4
5133,2.4
1400,9.8
4978,3.0
1654,2.4
3284,1.5
2506,2.0
104,4.3
2428,5.6
5677,4.2
7171,3.6
2675,3.0
457,9.0
311,3.5
4795,3.2
5544,8.0
3217,2.2
2127,3.1
5628,1.8
3164,1.2
3987,1.5
4230,1.2
6728,1.5
2574,2.5
6730,1.9
3850,1.1
1272,4.0
5722,3.0
4846,2.1
6314,8.1
1679,1.6
6163,4.7
4727,5.6
4523,1.9
7261,6.4
7792,23.4
6164,5.4
2141,10.0
6131,15.4
6070,3.0
2604,3.7
5931,0.5
5516,6.5
5663,4.1
495,3.6
4984,1.8
857,4.0
2262,8.8
1840,4.8
5548,12.9
6566,4.0
2767,2.5
3143,1.4
7616,11.1
2410,7.5
5091,2.6
7189,1.4
4686,5.6
5877,9.5
3703,3.0
247,4.0
5199,4.5
7764,7.1
307,2.4
6313,8.7
284,2.6
3963,1.6
3358,2.4
1349,2.9
3339,2.6
5342,2.3
3068,2.0
5354,3.4
5404,3.5
1668,0.8
2595,12.3
1973,3.6
7992,17.5
1108,2.1
5107,4.0
4998,2.8
7095,4.0
777,1.2
515,9.0
6657,9.6
5535,3.4
945,2.1
5309,0.7
4283,1.4
6747,0.7
111,9.4
735,2.4
3293,4.8
7496,4.6
7518,17.9
4555,1.6
2209,1.1
6726,2.4
3007,6.6
5169,2.3
7349,33.4
8051,15.5
5918,0.4
7234,2.6
4940,1.1
4138,3.0
4312,6.6
413,6.5
7204,22.1
5817,2.9
2143,14.1
153,2.9
2001,14.3
5759,2.0
1273,3.2
184,30.0
2975,0.7
7402,2.7
2061,3.6
6221,0.8
2726,3.9
7734,4.9
5258,1.8
6035,4.7
2885,1.0
4116,2.4
6714,1.8
4618,5.3
2698,1.7
2702,2.2
4010,2.0
7812,36.8
2092,4.9
6532,2.0
6855,7.1
6801,7.9
870,3.1
2294,6.9
7221,1.8
2482,3.6
5894,2.1
6355,20.6
6536,2.7
3393,4.2
5709,2.0
7143,5.8
4371,1.2
4288,7.2
1433,1.8
648,25.0
3312,4.2
771,3.8
6478,15.3
7794,24.2
3707,1.5
4624,7.4
372,4.0
2775,1.3
3741,1.9
561,8.1
7940,5.3
2723,14.5
882,8.9
5501,8.1
3095,2.0
6900,6.2
4389,1.0
6090,1.9
3990,1.4
3813,2.1
3569,4.6
1764,18.2
2891,1.6
6461,4.4
4845,2.6
604,2.4
7587,11.9
5681,5.6
971,11.4
8135,14.8
7016,9.0
7215,3.6
6719,1.7
5149,4.4
7772,4.4
7212,1.2
7623,3.2
7391,2.9
7345,2.9
1884,6.7
5736,1.9
4407,1.3
4002,5.5
4564,3.1
637,3.9
7921,3.3
3514,2.7
5657,4.3
5494,4.9
1056,5.6
1687,1.9
5729,1.5
1332,2.8
4217,2.7
2804,4.3
2382,2.2
5777,1.4
6223,0.9
845,20.6
2508,1.8
2133,3.3
4818,4.1
6642,7.8
7594,7.8
7996,10.9
2101,1.8
5610,12.2
4161,2.7
1175,6.9
5586,2.0
502,4.5
4743,3.5
5167,2.0
3497,7.8
1248,17.8
6354,18.6
4189,1.7
3817,4.5
6284,5.9
3488,9.1
160,7.1
1462,25.5
7145,14.7
5676,3.8
6171,7.4
6195,1.4
6716,2.9
4831,8.0
5049,1.5
4557,1.2
4481,4.5
8112,3.1
6667,6.3
1068,11.8
4546,7.0
1500,2.8
1275,4.6
1832,10.5
499,6.6
4752,8.7
3724,2.9
3888,5.7
8124,9.3
5653,2.5
7329,2.2
6925,4.7
2990,2.3
6103,5.5
2391,2.7
892,4.9
6924,4.5
797,3.0
3827,0.8
5755,0.9
7222,3.2
7785,5.6
3618,2.6
4720,3.6
6304,8.1
5310,0.8
317,3.7
2229,6.2
3747,1.2
7786,14.2
1796,12.2
1131,12.1
1890,1.1
6447,5.2
7009,14.1
7555,7.2
6245,1.2
8028,8.5
4406,0.8
283,2.3
1617,8.1
5103,2.6
2283,1.3
1442,1.7
6829,26.6
2731,2.7
6395,5.8
1100,2.9
4293,7.9
6567,2.6
1334,3.7
4042,4.6
7432,10.2
5778,1.4
4548,6.6
38,6.0
5297,2.1
3584,8.1
7153,14.5
7693,2.0
3270,5.6
5480,2.6
3945,1.4
6720,1.5
5044,1.4
4599,10.3
3234,0.9
6406,1.9
5254,2.0
5934,0.7
6837,15.1
530,3.5
3837,4.2
2369,3.2
5190,1.5
6964,7.9
1827,7.1
1639,3.2
5843,1.4
4328,2.0
3865,2.9
4914,6.5
8081,24.1
3208,2.9
1768,22.1
5773,1.1
2655,1.3
6575,0.4
7076,6.3
3037,6.2
7697,2.6
2147,4.8
1572,5.1
4083,1.4
7843,12.7
3941,1.5
7277,2.1
4731,7.0
1119,1.4
4684,5.7
3512,4.6
6511,3.5
5136,2.7
2728,2.7
6273,1.9
2170,2.3
4131,2.4
7012,8.6
4560,1.0
136,12.6
4229,1.5
6999,4.4
810,14.6
2577,1.5
2704,4.1
7667,22.2
6854,8.8
5086,1.6
6904,6.4
593,3.2
5232,15.4
7473,10.5
7490,10.9
6978,12.8
1485,6.5
442,5.6
6437,3.2
4093,1.4
141,6.0
5141,0.9
2928,6.2
5668,3.9
7549,9.6
1842,3.0
7107,17.8
922,6.8
5728,1.1
834,13.7
6145,13.8
6525,1.6
5184,2.8
5378,2.3
2377,1.3
8026,11.8
7028,7.1
2715,2.0
3373,1.9
4996,7.0
662,3.0
2824,1.2
1335,3.3
2045,1.5
7670,3.2
623,26.7
4396,0.8
2691,2.5
2826,6.2
7731,2.7
5563,7.0
52,17.5
8065,9.3
1140,23.6
1709,2.9
3772,1.5
6791,3.0
5671,5.8
6126,7.9
4793,1.9
5647,2.9
7000,3.7
674,9.8
7452,11.3
1212,2.2
5227,10.1
1989,0.9
7531,2.6
5094,2.6
4435,4.5
7913,7.7
970,8.3
2449,2.9
7325,1.9
4380,1.6
3734,2.8
4390,0.7
2537,1.7
6265,3.3
1724,1.6
5539,5.5
2401,3.7
3029,4.9
2335,2.8
6614,11.8
2686,2.4
2320,23.5
931,4.5
4815,4.5
4650,2.0
2161,1.6
951,4.8
5330,2.3
2319,16.2
1547,3.4
1129,10.5
8020,17.9
7169,6.0
6617,10.4
6377,7.4
2755,4.0
8178,2.1
7319,1.0
4730,8.1
933,6.5
3315,3.9
4424,3.8
3878,1.9
2489,1.8
2732,2.2
8059,14.4
6358,8.5
6087,1.7
3982,1.7
5430,9.3
5976,0.8
6244,1.0
2839,0.9
7789,24.0
1779,3.4
4108,1.9
2545,2.5
7245,12.5
69,19.3
4888,1.4
4143,3.4
3066,9.5
6933,5.3
7950,11.6
1128,8.7
6339,10.5
3197,5.9
3281,1.0
5935,0.7
749,16.1
3009,6.1
3877,2.8
5847,6.9
5099,2.5
6,9.8
6312,8.8
553,5.8
575,4.4
3807,2.4
1451,4.1
7155,11.6
2600,4.9
3414,3.8
5443,3.6
2503,2.7
3938,1.7
5305,0.7
5048,1.6
5135,2.2
404,34.7
3115,1.6
4251,1.0
2260,2.0
7998,15.3
7258,4.3
2626,2.1
4422,2.6
3706,1.6
7901,3.7
1868,3.0
3433,0.6
4806,1.4
6671,15.0
975,29.8
180,10.1
3608,11.8
130,13.7
4486,2.5
4535,1.0
5695,6.4
878,5.9
6008,7.8
8140,5.0
4393,0.9
1686,2.5
2899,11.2
6057,2.7
5985,6.6
3006,3.2
4324,3.5
1060,2.3
6069,3.6
7020,1.6
2627,2.2
6106,10.0
8013,16.0
5739,1.2
2025,6.0
5123,2.2
7522,14.4
2497,1.9
475,5.0
6002,0.9
3733,4.8
7498,6.3
4267,2.5
5153,7.6
1098,7.2
5572,3.2
2201,23.2
7650,27.1
894,3.2
1309,7.9
6345,12.0
6955,1.9
1298,7.4
6939,3.5
6510,2.4
1824,3.1
185,26.6
6080,2.7
681,28.2
389,14.2
4716,1.0
341,3.2
4008,2.1
6813,9.4
1086,7.3
4538,1.1
4438,2.5
2880,12.5
7541,6.2
7533,2.8
7410,2.2
4934,2.2
1083,9.8
5072,2.2
2351,1.3
3317,6.0
4348,4.8
4479,4.7
1906,27.3
1914,4.0
6364,2.4
5893,2.3
7847,8.3
2074,1.6
2365,1.8
7357,24.1
1772,32.9
871,2.5
5662,3.8
2066,26.8
7596,8.4
8125,7.7
1902,10.1
5189,1.8
7360,22.7
6561,1.3
6456,2.2
2129,4.0
6937,5.0
1388,3.3
722,6.7
1714,2.5
6054,4.3
7893,5.8
3699,8.0
3463,0.9
2185,1.0
3656,1.6
780,1.6
5966,0.8
3089,1.5
196,20.0
5528,3.0
6693,20.7
5686,1.9
7829,2.8
6745,1.3
3562,12.9
4623,7.6
961,0.9
2011,3.6
1786,12.7
3834,3.1
6378,4.0
5407,7.9
5631,3.7
5632,4.1
1425,6.4
4860,1.0
1411,2.9
6337,8.5
3384,7.8
2427,4.4
3248,5.3
7355,27.2
7701,1.1
2432,2.5
2485,2.7
1054,20.0
5821,1.3
3133,1.5
2863,2.0
116,5.9
5449,3.2
4434,2.5
944,2.1
3838,4.6
2020,15.4
4368,2.7
4417,2.0
5271,0.9
7308,14.0
1281,2.7
6863,6.9
5032,1.3
2060,2.1
4645,4.4
2864,2.1
458,9.4
6696,21.6
6264,4.6
132,18.4
4076,2.0
3951,0.8
3876,4.3
4454,3.2
1385,4.4
2322,8.5
8095,4.0
3663,2.2
6020,6.0
607,7.6
4212,1.6
8098,5.4
5971,1.7
6210,3.0
6792,3.7
2444,2.8
1419,2.3
1585,1.7
7520,12.7
5096,1.5
1900,4.6
6397,10.4
4659,5.7
486,6.3
4272,2.3
6274,1.6
4679,4.5
1490,1.3
7253,9.6
1145,6.5
2855,18.7
4614,6.4
7582,9.0
5022,3.6
4266,3.0
5207,6.8
7354,31.3
5576,1.7
188,24.5
6851,7.6
3648,1.7
4828,3.3
1466,18.2
6376,5.8
2456,4.5
46,19.1
4804,1.5
7540,3.9
4001,3.7
5357,2.4
3484,1.5
3101,3.1
1619,12.5
3651,1.3
7964,4.7
3054,1.1
191,31.5
6162,4.8
682,23.8
6984,20.1
3985,1.3
3835,3.5
2521,1.1
1757,5.5
3545,7.8
8177,3.0
2921,13.6
1226,4.3
388,11.6
4858,0.8
3280,0.9
1869,2.4
6412,0.6
2599,4.0
8034,1.4
4492,1.9
7330,2.2
2754,3.2
6947,2.9
6945,5.3
7396,11.2
1941,3.0
2920,11.9
1448,1.4
6409,0.8
2961,1.6
1717,3.2
3213,1.8
1536,2.9
1407,3.3
2712,1.9
7900,3.4
484,5.0
4644,4.5
1887,3.4
4977,2.1
4505,5.8
3099,2.5
2504,2.7
1820,4.5
6562,1.2
5801,1.8
1112,2.8
7976,27.6
7,7.1
1274,4.1
268,9.3
2159,2.2
7630,24.8
7184,4.7
7003,8.5
2305,1.6
224,1.8
19,7.6
1576,13.0
2362,2.5
2657,1.0
6296,4.7
898,1.9
2323,7.4
2829,4.6
501,4.5
2737,2.3
4600,4.1
4166,5.8
559,9.2
6307,15.7
387,12.8
482,4.0
7634,28.1
7750,16.3
1812,4.4
3161,1.0
6429,2.6
1006,5.3
896,2.6
4584,2.2
3299,5.3
6887,9.3
1952,23.8
2968,1.1
7816,23.4
7645,7.4
6779,2.2
4941,1.2
1359,10.9
7617,13.3
1524,2.8
50,18.7
7687,6.4
2000,16.6
1310,9.4
2650,1.1
1469,1.5
1799,8.2
6526,2.0
7149,24.0
1089,4.2
1512,2.5
2886,0.9
1506,3.4
8033,1.1
2257,2.7
6088,1.6
3527,2.1
7712,5.1
4432,1.9
5302,1.0
1755,4.5
2461,1.3
1598,3.9
7507,6.8
1554,2.5
1972,3.5
5543,8.0
6935,8.7
45,19.6
5306,0.7
6701,17.2
193,29.2
1117,2.5
1077,2.5
1380,5.2
3140,1.3
6466,8.1
4554,1.9
396,36.7
4099,1.5
262,19.6
2296,9.5
6868,6.4
7290,3.4
7935,3.7
1663,2.6
524,8.0
4073,1.9
4742,2.5
5994,11.3
7837,22.6
1402,8.5
5194,1.5
1823,3.3
5818,2.1
3436,0.7
743,20.7
1819,5.9
4104,1.4
3557,5.0
2311,6.9
6190,5.8
7176,2.4
1908,34.7
5571,3.8
2073,1.6
2853,9.1
2766,2.9
432,6.0
6755,5.0
5519,8.4
5448,5.1
4400,2.5
3487,7.2
4464,1.9
6434,3.2
6648,11.6
5517,6.0
3925,4.1
1000,11.9
7465,15.4
4089,1.3
6849,6.5
5343,3.5
4080,1.6
7916,6.5
5656,4.9
5236,1.7
2204,25.8
5652,2.4
3640,2.5
666,4.7
4579,3.9
4956,5.9
5684,2.6
6578,0.9
504,6.3
1120,1.2
6001,0.8
7641,31.3
451,6.5
7088,18.9
6198,2.0
5026,2.6
4622,7.6
5597,1.5
1839,4.6
1147,5.6
3710,3.4
6135,6.8
3792,6.5
4630,2.0
6731,1.7
3893,1.1
6319,17.3
1210,5.7
6388,1.7
5933,0.5
4581,3.0
5186,2.8
4810,3.3
3472,1.9
7082,8.3
5813,1.6
5808,1.8
1676,1.3
7714,3.7
4397,2.3
2451,3.2
3072,1.3
1452,3.9
1333,5.5
7607,12.9
49,18.4
1659,2.6
3843,1.1
7657,22.7
4113,2.8
4897,1.5
4713,1.4
4028,2.4
1737,19.6
3104,4.6
6196,1.7
5907,0.7
6448,6.6
1162,19.3
1178,4.3
599,3.8
1580,11.6
3758,1.1
6186,2.2
5394,1.1
1701,1.6
3568,5.9
3533,2.0
7930,4.4
6834,16.6
2903,18.8
6187,3.1
3975,1.4
5951,1.6
5518,7.5
4186,2.8
4717,1.3
1579,18.7
6861,12.0
6635,3.6
6086,2.4
3914,2.2
8009,8.0
1722,2.1
1225,5.0
600,3.0
315,3.4
7267,2.6
5176,2.0
7144,8.8
496,4.5
2242,13.0
4319,4.9
3039,2.1
2978,0.7
586,2.7
5865,1.2
4964,2.2
6348,2.9
1001,8.2
5308,0.8
6234,1.4
4790,2.7
6563,1.3
2598,5.1
2210,1.3
4022,6.4
8053,17.3
4947,8.1
5822,1.2
5013,2.8
7485,12.7
5726,1.9
177,7.8
7385,5.2
6380,4.7
7727,1.5
3113,1.6
1991,1.6
7098,5.5
3318,5.0
5983,3.0
146,23.1
732,3.5
4763,2.0
5179,2.7
1202,4.9
663,2.6
2870,2.0
8030,2.6
6269,8.5
6118,4.5
4343,5.3
1421,2.5
935,12.5
1393,4.7
2787,12.5
1794,34.0
5400,3.0
6017,10.9
2259,2.2
90,8.4
2479,10.5
385,4.8
4338,1.8
3117,1.1
8061,11.2
4009,2.0
2617,13.2
6558,1.5
5960,1.3
7885,7.3
8149,2.3
4017,3.4
3300,4.0
2163,1.1
996,20.7
514,10.7
4213,2.0
6749,1.4
1693,1.8
6624,6.5
5391,1.0
5038,1.7
659,16.1
1251,24.1
382,4.1
2635,2.0
712,3.5
8017,17.7
167,2.7
6324,3.0
3073,1.4
1501,3.3
7591,7.8
7419,5.8
1998,25.8
4263,6.1
7626,6.0
3673,3.9
1422,2.4
316,3.4
1658,2.5
1199,8.3
266,14.8
7927,11.0
1527,2.6
4443,1.3
1561,2.2
7500,8.3
7090,12.5
4268,2.1
3437,0.8
7875,1.5
6490,8.2
5506,3.0
3957,2.3
6098,8.9
2614,8.7
2823,0.7
4898,2.0
6820,2.4
7783,1.9
7848,3.3
3905,3.0
5488,2.8
7336,9.6
6835,15.8
1169,2.9
7469,17.1
4656,2.0
3292,4.8
4244,1.5
7810,23.5
7372,6.2
578,4.7
1073,13.7
4240,1.8
3367,4.7
380,10.9
3309,3.0
531,3.4
3420,1.6
1324,11.7
2661,1.6
1326,3.1
6786,5.3
1600,2.6
560,9.4
3259,0.8
3092,1.6
5525,10.2
6401,2.9
6550,4.6
7040,9.5
1418,5.8
2263,7.2
3261,1.2
4746,4.8
2615,9.8
7471,12.3
2596,10.4
1192,3.2
678,28.1
4224,1.4
2793,1.1
652,21.0
3542,5.3
2625,2.1
565,24.9
1190,4.0
4726,5.6
7004,10.6
3065,9.7
7642,29.6
5828,1.7
1141,14.1
117,4.9
7423,2.3
1741,23.8
6326,2.9
5868,2.0
1436,1.6
5708,2.0
7224,11.7
5986,7.3
2797,0.6
4483,4.8
6568,2.3
3154,8.0
2912,1.4
3756,0.9
7694,2.6
4360,2.1
1367,12.8
2985,1.3
4201,1.1
233,10.7
1945,14.6
4045,3.5
3801,1.7
5812,1.7
1609,4.5
3907,1.9
4796,2.3
1667,0.7
3196,7.2
251,7.7
6400,4.4
6948,2.1
3808,2.5
5616,2.6
4026,5.7
4147,2.2
985,9.1
568,19.3
1127,8.8
4197,2.2
4049,4.6
5440,2.4
5373,2.3
6899,17.1
1966,2.4
7415,2.5
4606,1.6
8117,5.2
6404,2.4
6105,8.0
1740,29.5
5704,3.0
2616,10.1
1283,3.1
4234,1.3
3540,4.2
1928,2.5
3186,1.4
5573,2.3
1612,4.8
5000,2.4
5223,6.8
630,22.3
811,21.9
2367,1.5
4785,3.0
4321,7.2
6500,15.0
6817,14.5
7578,5.2
2636,1.9
7749,15.6
588,8.4
1396,12.1
1104,2.3
517,8.6
4848,1.8
527,13.2
7450,13.1
3534,2.0
1362,15.3
100,3.2
6516,1.5
3691,1.6
1130,12.2
2742,0.9
573,6.9
2439,1.5
1201,6.3
2055,0.7
4991,1.7
7788,29.3
4377,1.6
4970,3.3
4588,4.1
6374,5.3
4444,1.3
6327,3.3
1030,5.5
5465,2.6
2293,7.4
7851,5.2
5361,2.5
5219,3.3
3482,1.3
5337,4.0
5036,1.3
3737,2.7
7017,6.8
2384,1.7
290,4.6
1032,2.7
4084,1.7
5561,6.5
7411,2.3
4936,1.9
2687,5.9
5502,10.7
3661,2.8
5052,2.5
4515,1.6
5299,1.9
4857,1.0
368,4.2
4959,4.1
3525,1.9
5579,1.9
912,26.5
5158,11.1
5313,2.1
7320,1.3
2059,1.2
492,3.2
3351,3.0
2623,1.9
1844,2.1
3427,0.9
7254,5.1
3531,1.9
4126,4.0
6759,7.1
6382,5.7
7229,3.3
340,2.2
6072,3.2
2340,2.8
36,3.8
5598,1.6
7908,4.6
1570,2.7
5220,5.0
2543,4.3
218,13.8
6418,2.6
3692,3.5
3034,11.5
4631,2.1
3438,0.9
5848,9.3
6146,11.4
7420,2.9
5454,5.8
3768,2.5
5602,1.2
5879,8.6
1781,2.8
4421,2.2
3043,1.6
2973,1.3
2276,2.0
2563,6.1
574,4.9
601,2.7
1792,26.5
8024,14.0
3365,6.0
4636,4.2
2547,2.0
3958,2.5
6848,5.6
2979,0.8
6878,18.1
1637,1.8
3237,0.7
70,19.4
1222,5.9
4282,1.4
2708,5.4
6647,11.8
7804,5.0
1312,14.7
528,8.9
6059,3.2
2272,3.9
2069,37.1
6527,1.5
8108,5.4
7313,17.7
5263,2.3
4046,3.7
78,13.6
3366,5.4
366,4.4
6764,7.8
4712,1.4
4060,3.2
5540,5.6
1915,2.8
5469,9.1
4953,7.2
5462,1.6
5973,1.3
1027,6.3
4894,1.1
1690,1.3
6909,10.0
861,5.3
5942,0.7
7102,12.0
8005,18.7
5637,2.0
6915,9.0
5497,6.1
5025,2.5
7365,11.1
59,17.6
4051,4.5
6862,10.2
5071,2.6
2524,1.1
3995,3.0
5319,1.1
7250,25.9
4534,1.2
3432,0.6
2750,1.4
8007,16.0
3635,4.8
4256,2.9
6474,5.3
7625,4.0
5771,1.5
8082,20.9
7958,16.1
165,2.6
1379,4.5
3473,3.3
2321,16.7
4873,3.5
900,5.7
500,5.0
3051,0.8
4103,1.9
4467,1.6
7197,8.9
2090,5.5
7987,2.4
384,4.1
4276,1.5
212,11.3
4231,1.1
7793,25.7
2959,0.9
4692,1.4
2429,4.3
5775,2.2
4808,1.6
93,5.2
4398,2.2
7039,7.1
149,5.9
5996,4.8
909,32.1
265,21.3
3818,2.0
997,20.3
1532,3.8
4757,3.3
5035,1.1
6530,2.4
7941,3.0
3026,3.9
7543,6.1
2446,3.6
2559,2.8
6676,14.7
851,6.0
1186,7.0
6178,6.2
5409,4.7
5549,12.4
4649,2.5
5424,8.8
1837,2.3
5520,6.6
3675,2.9
65,22.9
1040,13.3
5205,5.2
4937,1.5
8019,19.5
4954,6.6
4718,1.4
6967,3.8
4148,1.9
6689,11.5
2965,5.5
2122,2.4
7237,11.0
1102,2.6
4782,2.6
2373,1.2
3759,1.5
5589,1.3
3469,1.0
6557,1.5
3395,2.1
7276,2.3
5113,4.2
6043,3.4
8058,18.6
41,12.1
6520,12.3
3474,4.0
5144,0.9
4072,2.4
4680,4.9
1441,1.5
1938,4.1
7877,2.7
537,2.4
5159,16.8
3491,7.6
1597,4.8
383,3.4
4791,3.5
5491,4.2
454,8.3
7059,22.1
5229,9.6
786,1.5
7866,0.7
2314,8.2
171,3.5
3642,1.7
7805,4.6
3254,1.5
5119,0.9
30,20.4
3960,2.1
7236,6.5
2532,2.2
3529,3.4
1533,4.4
2269,6.3
4227,2.1
6485,9.2
5331,1.6
7092,6.2
5871,6.8
5917,0.4
1642,7.1
8152,3.2
5057,1.2
3771,2.5
5198,6.3
701,4.4
3517,4.0
6295,8.5
1368,10.9
3856,1.1
2304,2.1
5054,6.4
6256,1.4
8121,7.2
3874,3.3
7654,23.7
7484,10.3
6130,7.3
4911,5.1
2211,2.0
5898,1.4
2188,1.0
1064,5.1
3796,1.8
6997,8.9
3158,1.0
609,15.9
1041,28.7
6514,4.7
1703,1.6
3910,3.3
1874,2.6
1360,13.7
66,20.1
3166,1.4
1094,6.4
2145,6.2
4783,2.1
6744,1.3
2725,5.6
8031,1.7
2745,1.2
4195,2.8
10,1.2
785,1.8
7297,1.8
398,38.7
7692,2.4
1718,4.2
579,2.9
6249,1.1
416,5.6
3897,1.2
3585,6.1
8176,2.2
3481,1.6
1307,8.0
5015,4.4
6405,2.6
3974,1.1
8086,8.1
7309,5.3
5450,4.7
4779,3.2
3616,5.3
447,5.0
706,5.3
8068,17.6
7015,10.2
2677,1.1
6270,6.6
917,26.1
781,1.7
4184,3.3
1511,4.6
6930,6.9
7162,3.8
8131,13.8
4952,7.5
4429,2.2
6213,1.7
1371,17.0
6239,1.2
5578,1.9
5794,4.0
1558,5.4
1031,3.7
1342,2.9
5738,1.2
2930,1.3
2935,1.5
2105,2.0
4518,1.5
2911,1.6
7242,12.5
6956,1.7
2925,16.6
2592,3.7
7418,7.8
3219,1.7
1807,4.1
2407,9.2
5523,7.6
4285,2.0
4928,1.4
2220,6.6
6413,0.7
4502,4.1
1593,4.5
6599,2.0
5259,1.7
6788,6.2
5117,1.1
3285,1.5
12,1.2
2495,2.2
42,20.7
2874,5.6
6173,3.8
2701,3.0
4904,2.6
6357,11.8
6911,1.9
2588,1.6
6683,18.7
5429,8.4
3669,2.5
3458,0.7
3020,5.6
2602,8.0
3187,1.4
3526,2.0
787,1.7
6290,10.8
4200,1.2
434,9.2
4088,1.4
6138,4.2
1440,1.5
4777,3.1
918,12.4
5130,6.8
3752,0.9
1424,4.8
474,5.0
1542,1.7
6272,3.4
4134,2.0
1834,8.3
2390,2.7
6923,2.8
5106,3.9
634,6.5
1465,31.2
5056,1.4
2569,2.0
6442,6.2
5315,2.3
5452,4.5
798,1.9
5273,4.0
6091,1.6
33,9.0
187,24.5
6890,2.9
6201,1.9
6426,4.6
4297,8.8
3854,1.0
988,3.7
4780,2.6
4494,2.6
1602,3.2
5027,2.6
6673,20.5
7439,3.6
3622,3.4
2267,6.7
1471,1.2
2392,2.6
1151,4.6
3684,6.5
6044,2.5
8088,9.8
216,8.3
1369,18.6
7401,3.3
6427,5.2
95,3.4
1810,3.6
6206,1.3
5172,5.1
5961,0.9
436,16.5
5667,2.8
6821,1.7
3812,1.6
7655,24.8
6363,4.4
7801,6.4
2478,11.0
628,25.3
4459,2.2
6606,7.1
4702,3.8
2189,0.9
4207,1.4
2187,1.0
5083,1.6
2232,1.3
7193,2.2
8104,2.6
4635,2.9
2233,1.8
927,12.7
2350,2.3
7717,2.2
7359,24.9
4333,2.2
5124,3.2
407,3.7
5747,1.4
7252,14.1
4403,1.0
1582,2.3
4687,1.1
6141,10.7
2873,4.5
8004,22.5
6193,1.8
4527,2.7
1873,2.0
3321,0.7
6073,3.3
5043,1.2
6992,14.4
3869,2.6
953,4.4
4191,1.9
1616,6.8
3802,1.3
5163,2.2
494,3.4
6880,20.3
6205,1.6
5277,2.6
1268,2.4
908,27.0
6188,3.1
6449,8.3
2913,1.5
640,3.4
4378,1.9
5565,8.1
6033,8.1
5614,3.4
4325,2.7
2852,4.4
850,4.7
627,28.3
5422,6.5
3400,2.5
4867,1.9
1560,2.3
6995,21.0
6546,1.5
3554,3.1
4590,4.3
7761,3.7
205,5.8
1956,27.8
2252,24.5
1012,4.1
8167,1.7
1426,5.2
1091,4.8
4314,5.8
3811,1.1
7796,31.6
3335,1.8
6107,4.7
6529,1.9
2746,1.7
6949,2.8
4966,2.2
1885,7.2
81,11.5
376,7.8
63,8.0
3968,1.8
5756,1.0
7756,21.3
5457,5.8
576,3.4
7681,16.1
6961,3.9
2570,2.3
7080,7.2
1623,5.8
7888,9.5
5245,2.9
832,9.3
7244,15.1
5401,3.7
6023,1.0
3194,4.8
5638,2.4
2507,2.0
395,32.1
443,3.8
2038,5.6
751,23.7
4792,3.3
2859,2.1
622,29.9
5697,4.2
6742,1.1
1516,1.9
6523,2.3
2819,0.6
8153,2.6
4540,1.2
2795,0.6
7855,6.9
3097,2.1
1540,1.4
7892,11.3
4756,5.2
4248,1.0
6047,3.4
6494,10.8
1008,8.0
489,5.8
1932,8.8
868,5.2
2180,11.4
7585,18.3
2212,2.1
1420,2.4
2568,1.8
2282,1.1
1303,8.0
1732,5.7
6958,2.1
5693,5.2
465,5.9
6898,13.6
6352,10.3
323,3.2
6928,6.1
4519,1.8
5274,2.7
7166,3.8
626,27.3
5146,1.1
6454,2.3
3582,9.6
1390,3.5
4271,2.1
6419,2.7
1684,3.7
5947,2.0
7101,10.4
2318,15.3
4249,1.2
7872,1.8
6465,7.7
6108,4.4
5322,1.8
1114,3.3
3047,1.0
3701,6.4
3898,1.3
6618,6.5
6663,22.0
1208,14.7
672,7.0
2942,5.5
4539,1.0
3558,3.4
4254,1.4
3108,3.1
281,1.9
3521,4.4
3247,5.5
6628,14.2
7481,8.8
175,3.4
2585,1.9
7592,8.8
4228,1.8
6184,1.9
5009,1.1
1758,9.9
6602,4.2
1951,18.4
2236,4.4
162,5.1
4884,1.3
5665,2.3
6929,5.4
7013,8.3
3599,1.3
4238,1.3
3880,1.3
1864,4.3
7931,4.6
3694,12.5
4356,2.7
2986,2.2
1543,2.0
47,18.0
3913,2.0
1020,16.2
3418,2.8
5287,2.9
948,1.8
5008,0.9
1279,2.7
229,22.3
7710,2.6
7751,18.5
7510,7.3
3566,9.7
303,2.2
6504,1.9
178,7.6
7334,5.9
4707,3.6
1049,27.6
4437,2.4
5442,3.2
3524,2.1
4521,1.4
4000,2.7
702,6.1
4047,3.0
813,17.7
4621,3.2
2331,3.5
8107,5.5
1632,1.1
7923,5.6
6181,5.3
5109,4.9
476,5.7
3226,3.0
5569,3.9
4642,4.6
1013,4.5
441,4.7
2667,2.0
7443,20.2
3881,1.7
5923,0.3
3677,4.2
6616,9.6
5800,1.7
658,19.6
7271,2.4
603,2.5
5286,0.8
403,35.6
3645,1.0
4039,4.1
2582,1.7
3543,5.3
2749,1.8
8175,1.8
8166,1.9
1604,2.6
6630,6.9
4950,4.4
5034,1.0
4498,3.9
5683,3.6
4580,3.2
1097,6.4
736,3.3
4753,10.9
3422,0.8
1911,6.2
1800,9.2
5461,1.5
6277,3.9
4063,4.5
2843,1.8
5615,4.8
3478,1.7
4480,4.6
2624,2.3
4878,1.7
6753,6.2
2343,2.9
8044,15.7
6200,2.1
2648,0.8
549,3.4
1674,1.7
5376,2.7
5276,2.3
6250,0.8
6112,2.1
1594,4.3
6556,1.5
1445,2.2
6946,3.3
2289,15.5
2398,2.6
7289,2.7
1463,28.8
1535,4.0
5623,0.8
3330,0.5
4809,3.2
3114,1.7
3590,4.9
3096,1.5
825,3.6
7532,2.7
7778,3.0
1019,21.0
7182,5.5
6076,4.6
4893,1.0
888,13.4
1065,7.1
4216,2.0
4734,2.0
942,1.8
7571,8.1
7477,26.2
5914,0.5
5226,9.3
4610,2.1
5441,2.8
7461,7.1
2312,8.7
7781,1.9
72,18.0
2665,1.8
6968,4.0
1416,15.0
3291,7.6
3795,1.2
643,10.8
2171,2.8
1293,10.0
8181,3.0
1137,16.2
1787,14.5
7959,17.9
2531,1.8
2029,3.8
4102,1.7
2438,1.5
79,11.9
7838,26.7
7529,3.2
201,3.5
7668,3.0
4470,2.2
5347,2.4
1132,14.5
446,5.7
3402,4.7
2858,2.8
2395,2.6
3993,2.7
87,18.9
6941,2.5
6182,5.0
3353,1.6
4098,3.4
2542,3.2
3549,2.6
8163,2.9
5115,2.5
255,7.1
2125,2.3
3681,8.8
1529,2.8
1523,2.2
4821,1.6
2496,2.4
5268,1.3
300,3.0
3409,4.9
3901,1.8
3385,7.6
577,3.6
2752,2.5
958,2.4
4598,5.7
2906,7.0
2493,2.7
3102,3.8
8060,14.8
4387,0.6
3672,4.3
6252,1.0
1760,12.0
2923,12.0
4892,1.7
6682,16.0
5383,1.7
2637,2.3
7482,8.5
2135,5.6
5969,1.9
4625,5.1
1855,19.6
7300,1.3
6881,21.6
2037,5.6
3327,0.5
7138,20.0
1961,2.8
5889,3.0
7348,27.2
650,30.4
5369,3.4
5744,1.1
131,16.4
6443,6.6
3904,2.6
6579,1.0
3551,3.0
3383,8.3
3329,0.5
5780,1.8
3518,4.1
2981,0.7
7501,12.7
1633,1.1
4899,2.7
2251,30.8
3978,1.7
4689,1.7
199,5.0
2527,1.3
7141,5.7
147,18.1
5701,8.1
6727,1.8
3782,1.5
2334,3.6
5839,5.6
6491,11.0
5001,2.9
6082,3.8
2792,1.7
2098,2.0
356,5.0
3302,3.4
1782,3.5
7413,2.2
7554,4.1
7140,5.7
7368,2.5
5859,11.6
4092,1.4
140,6.9
4253,1.3
330,2.6
7356,23.8
7265,3.5
3665,2.1
4582,2.9
7495,5.0
774,1.7
4638,4.8
5955,1.6
6845,4.0
6721,1.9
6588,3.4
3168,1.9
282,1.6
6951,2.3
5850,4.0
5807,3.7
71,19.6
8150,2.5
3055,1.4
364,4.9
2480,7.0
620,15.7
7044,1.8
8083,19.5
7151,25.7
606,4.2
6428,3.1
7026,1.6
5967,1.0
3430,0.7
3396,2.1
481,2.8
4446,1.9
2184,1.2
115,7.3
1595,5.4
3021,2.8
4388,1.1
3609,9.8
1315,7.2
1435,2.5
8128,10.6
7315,6.9
3921,2.3
2476,7.6
7547,8.0
5473,11.1
2345,2.9
480,2.5
3203,12.2
1220,3.9
6802,6.0
5872,6.3
6458,2.1
4863,1.9
1646,9.2
638,3.3
5020,5.1
1183,3.5
5831,2.1
7163,2.5
3412,3.1
5591,1.9
7854,4.3
3408,6.9
7231,2.7
2948,3.4
7581,7.9
5152,6.2
1270,4.0
1087,6.0
6040,11.8
1376,3.1
3319,2.3
4658,3.0
3867,3.2
4336,1.6
3736,2.6
2685,1.6
6328,3.6
6046,3.2
4671,2.0
2515,1.6
966,1.0
6007,4.8
2703,4.0
5562,6.8
691,14.5
5224,7.4
2922,7.9
3601,1.8
7711,4.0
4304,2.9
6311,10.5
1408,3.2
5359,2.3
4543,3.9
8055,23.8
3829,1.1
1993,3.3
4287,3.9
6656,11.2
5321,1.9
1007,9.8
5281,1.1
7818,20.9
1845,2.0
7743,22.8
5116,1.5
2405,5.7
7038,5.0
5718,3.9
5964,1.3
6432,1.3
7963,6.6
2893,6.2
3556,4.0
5679,5.1
6094,3.8
5069,3.4
1263,1.7
3119,1.2
4799,2.7
197,7.9
2838,2.6
4633,2.4
1299,8.5
4090,2.1
6858,17.0
2607,2.9
6519,8.1
5546,7.4
3702,4.9
844,26.8
8085,8.0
2409,6.7
2591,3.4
2004,9.9
105,5.1
7577,3.8
2274,6.3
6340,9.1
3745,1.5
4733,2.4
5716,4.9
4948,6.3
2317,11.5
4339,2.1
2286,1.9
5993,10.5
982,21.9
7730,1.9
4709,1.7
7497,4.8
6243,0.8
7699,1.3
5,6.8
7984,6.5
7896,2.4
3401,3.5
4394,1.0
6371,7.1
1234,4.9
2488,1.7
2875,6.3
673,9.2
4340,1.9
5551,13.5
2275,3.9
2523,0.9
7716,2.1
2651,1.1
7858,1.9
2530,1.9
564,16.8
4676,1.3
1999,17.2
2892,4.7
3842,1.5
7942,2.4
4840,12.2
3167,2.4
4946,6.2
3173,4.4
4939,1.1
7553,2.9
2937,3.8
6711,2.4
1345,4.6
8,3.0
2871,3.8
3268,4.5
7852,5.9
5386,3.7
4542,2.7
3209,2.1
4078,1.0
6271,2.1
7575,2.9
2165,1.6
3453,1.1
4315,5.9
6117,3.4
1317,4.7
4057,1.8
6528,1.6
4160,2.2
5577,2.2
5829,1.9
4859,0.9
15,1.5
6832,17.8
375,10.8
327,2.7
5717,5.0
5758,1.8
5689,2.7
3711,3.5
1534,5.3
1647,8.8
7723,2.5
2415,2.2
1296,8.6
1957,12.5
2475,8.4
6242,0.8
2868,2.2
371,3.9
4137,2.0
2564,5.1
113,6.4
5854,3.7
4225,2.6
4264,6.0
3749,1.2
7270,1.7
4551,3.9
1277,4.3
207,6.9
4907,3.9
5712,2.7
80,12.5
1355,4.6
1513,2.1
5104,1.7
155,4.0
5786,6.2
1260,1.6
7131,8.6
391,15.2
545,4.4
5206,10.1
6853,9.9
7397,10.2
2330,3.5
7005,16.5
4697,3.6
1990,1.3
815,30.7
831,9.6
2805,5.6
3451,1.0
6973,5.7
1250,22.4
343,2.9
6464,5.8
4037,4.3
5618,3.1
976,29.3
469,5.7
4866,2.1
6699,17.9
7589,8.8
2146,4.2
1565,1.8
7451,11.1
1539,1.4
5838,6.2
6815,10.7
1903,16.1
7449,15.3
821,13.6
4182,1.9
3399,1.9
6651,9.5
4772,1.3
7966,4.9
4476,4.7
4558,1.0
5613,4.9
2740,3.0
3739,2.0
5067,0.7
3848,0.8
7255,3.0
7972,29.3
3403,4.4
7036,5.5
3130,1.9
2573,2.6
5510,2.8
887,11.8
280,1.3
4681,5.2
2572,2.6
7678,15.4
2058,0.9
612,1.8
4020,2.4
5192,1.3
2124,2.3
4122,1.5
1552,2.1
4851,1.6
200,3.8
5111,3.7
2782,7.6
3240,1.8
1675,1.8
256,8.6
6010,12.3
4418,1.8
2980,0.8
4242,1.5
240,10.0
2929,3.1
6979,12.6
3559,5.2
7870,0.8
2342,4.2
7023,1.3
6954,1.5
2526,1.5
6902,4.2
6551,3.7
223,1.7
249,5.3
3064,8.1
4016,3.4
4995,5.3
3308,2.9
4278,1.3
5397,1.1
2213,1.5
2400,2.5
6604,2.7
6989,17.0
2801,0.8
7685,5.2
4597,5.3
4566,4.4
363,4.5
7259,4.2
3939,1.6
5481,1.4
5097,2.5
6522,5.6
361,4.4
660,9.6
7492,15.3
4441,1.8
5741,0.8
7037,5.5
2916,7.6
5727,1.2
215,8.2
6468,9.4
331,2.8
5764,4.3
4245,1.8
4305,2.6
6359,3.6
4812,7.9
963,1.0
5820,1.1
862,5.4
4525,2.1
8047,13.8
3769,3.4
2575,2.1
4875,3.6
5927,0.5
823,4.0
3911,2.6
3271,5.5
7453,14.2
6152,7.6
4674,2.3
7780,2.3
5685,4.0
547,3.6
7352,34.1
904,20.5
4925,2.0
5030,2.3
5280,1.3
2057,0.8
5314,2.1
2436,4.1
1752,3.4
5464,2.2
1725,1.9
6584,1.7
3392,5.6
2197,15.5
349,2.3
4629,1.7
7752,19.5
3826,0.9
7445,28.1
164,3.7
2889,1.2
7429,3.3
4258,1.8
1297,6.9
5841,2.2
6649,11.0
4353,1.9
5972,1.5
7708,1.1
3870,1.9
4835,5.4
1139,28.1
7069,5.9
3147,5.1
1412,3.0
8043,15.8
6176,4.1
2174,2.8
7239,30.4
3120,1.2
5075,6.3
3253,2.9
4223,2.5
4043,4.4
6481,7.2
6869,7.7
3729,4.3
1081,16.7
7688,6.2
3410,5.6
3390,9.1
7825,3.8
394,26.3
4660,3.8
7043,3.9
875,5.6
5584,2.4
4751,7.2
3207,2.7
2084,9.6
3830,1.7
7715,2.1
6482,7.8
7008,19.2
2967,2.3
6011,11.9
6797,7.8
7218,5.7
4951,5.8
5885,0.7
7475,17.3
1088,4.7
5257,1.5
4277,1.5
2769,2.5
4117,1.8
5250,1.2
972,11.0
4048,4.4
3336,2.5
6833,16.9
1831,10.7
7269,1.4
3188,1.3
1550,3.1
3510,4.3
6347,2.2
5221,5.3
1615,5.3
5555,3.2
4427,4.9
1563,1.3
7689,5.3
1775,7.8
7599,6.4
2177,1.7
8069,18.8
4313,5.7
5864,1.2
2226,11.6
1954,26.4
506,8.6
6866,6.4
483,5.0
2561,2.8
3761,3.2
4237,1.6
5410,3.9
2458,3.6
7910,5.0
3069,1.7
1878,5.4
664,4.4
467,5.6
807,5.5
1227,3.7
7567,3.0
4945,3.0
697,23.4
6038,5.7
2525,1.0
2128,3.5
3943,1.5
4346,3.8
5909,1.0
4094,1.9
4457,4.7
6920,14.8
526,9.7
4354,2.1
7857,2.4
2368,3.0
1875,2.9
4239,1.4
4725,7.3
5349,2.6
5150,6.8
5534,2.3
1898,1.8
6836,15.6
5416,1.1
6852,7.4
7463,8.7
6220,0.8
3341,5.6
3206,5.2
1381,6.0
2155,2.6
1578,21.7
4269,2.0
3025,2.5
5140,1.1
5235,2.3
2836,5.1
5114,4.9
2706,4.7
4670,2.1
172,2.0
3552,3.2
879,7.0
2134,6.4
6771,1.8
5298,2.0
1483,5.5
4957,5.6
1929,3.8
246,4.7
4265,4.9
5270,1.1
3678,4.3
716,5.5
2597,6.6
3979,2.5
2735,2.5
4411,5.3
4739,1.6
1071,29.2
459,9.6
6639,8.2
7815,31.3
21,6.6
2203,16.1
6796,8.4
3098,2.7
7832,9.4
4749,6.1
1848,2.4
6292,9.6
3356,2.8
5282,1.2
2244,13.5
1666,1.0
4309,3.7
7295,1.9
5760,2.5
5486,1.1
7660,22.0
3685,4.0
1113,2.7
2722,9.6
5532,2.0
890,17.8
143,10.0
2280,1.0
7680,21.7
3866,3.0
7280,2.6
7527,3.1
1574,8.4
5046,1.2
2103,1.4
8143,5.8
7381,3.2
4458,3.1
625,26.3
1217,4.0
6467,9.2
4569,5.9
4758,2.9
5585,1.6
8038,19.8
6037,4.5
5757,1.2
7458,13.3
6261,6.3
6361,10.3
3075,1.9
6451,10.0
6736,2.7
804,2.6
227,6.7
1568,2.4
6027,1.4
6781,1.5
6214,1.5
445,3.6
4426,5.3
4466,1.7
5905,0.7
1134,13.0
6367,2.1
3628,3.4
2896,6.9
2158,3.1
3389,10.2
3352,2.6
8129,10.0
8171,0.9
5883,1.7
1635,1.1
57,20.7
6564,1.3
4778,3.0
6517,6.8
3067,6.0
2230,3.0
1176,5.6
89,14.4
2756,3.6
4761,2.5
1495,1.4
7886,12.6
7841,11.5
2682,0.4
124,9.5
55,20.1
5992,7.8
5278,1.7
7130,8.3
6169,10.3
2473,4.9
1520,2.5
5339,3.0
2983,0.8
64,22.5
2603,6.8
3606,10.3
7865,0.6
7505,5.9
4688,1.6
1461,20.4
880,9.7
427,15.4
3380,6.0
2297,15.6
3332,0.6
6549,2.4
1195,6.2
2714,3.4
324,3.1
206,6.0
1011,4.1
7371,4.2
4014,2.9
7367,3.9
7945,2.2
6540,1.9
7286,2.7
4341,1.9
2825,4.5
3298,6.8
1882,5.4
4085,2.0
1795,29.7
1163,11.9
2040,2.2
1546,5.3
5500,5.5
1427,5.6
1024,14.3
6822,1.6
7350,34.6
541,19.5
4425,6.0
4605,1.5
3600,1.5
3179,8.9
3515,3.4
2499,2.1
2622,2.1
7691,3.8
2277,1.4
1651,3.9
5180,1.5
3251,8.8
2971,1.6
5384,1.8
279,0.9
5230,8.4
1765,18.0
4822,1.4
1394,3.2
6700,17.1
4665,3.2
6373,6.7
5943,0.7
6151,7.0
7486,12.0
4700,3.5
2337,2.7
5157,9.3
3950,0.8
4114,2.5
4852,1.8
3962,1.5
4252,1.0
7178,2.4
2046,1.3
1986,1.0
6752,3.9
5355,3.1
5439,2.0
584,1.1
6698,18.2
1319,20.5
5626,2.8
6160,4.2
2652,1.3
1241,9.1
48,16.5
2551,2.7
3295,4.2
7640,24.6
3087,1.8
7375,8.4
3445,1.7
3786,2.3
4127,2.3
2800,0.7
758,4.0
6827,21.9
1493,1.2
3570,3.4
4220,2.6
2673,2.7
3111,2.7
6674,24.5
7735,21.2
278,1.5
1152,3.7
346,2.4
7332,3.7
8094,4.3
1521,2.5
1259,1.4
1537,2.2
6864,5.7
746,19.6
8109,4.9
6300,3.8
6559,1.4
5853,3.9
1967,2.9
7988,3.6
6775,4.0
7241,21.2
4299,9.1
1514,2.2
6147,10.4
3456,0.7
3840,3.8
7119,4.7
4456,2.9
358,5.7
5495,5.4
7379,0.8
5583,2.7
3494,5.1
1808,4.5
3783,1.8
1971,3.0
2370,3.3
6613,12.3
7137,25.6
411,3.7
4989,2.1
6598,1.4
7880,3.8
7291,4.2
2126,3.2
1710,3.3
5975,1.0
5654,3.0
4997,10.0
2770,2.9
7700,1.5
3800,2.0
6067,4.2
2435,2.9
219,13.0
7442,18.1
2966,2.8
7251,23.5
4603,1.4
4691,1.3
1082,14.4
6278,3.0
1284,5.6
843,34.4
5445,4.6
8064,8.0
4226,2.3
7362,22.5
1977,1.7
34,6.0
119,5.2
2565,4.2
3607,11.7
7974,28.7
2459,2.0
4594,3.0
4850,1.7
7035,5.7
2157,3.9
5016,3.8
7874,1.5
6713,1.9
5487,1.7
1925,2.8
3127,1.3
4980,3.6
2861,2.6
4442,1.4
7441,6.9
8046,14.5
4450,4.4
4929,1.9
7664,20.3
1158,3.5
92,5.3
2660,2.1
6591,4.4
2381,1.8
1203,4.8
1841,4.5
7580,6.4
6597,1.5
370,4.5
7767,2.9
2399,2.5
809,10.0
2015,8.0
5160,16.9
2358,2.7
1477,3.0
2630,3.9
1862,11.1
1249,14.3
768,9.6
4677,1.8
3539,3.8
2465,2.4
106,6.4
7285,3.5
120,5.9
3361,2.2
2621,2.3
512,12.2
5611,11.3
6208,2.0
6329,4.7
2760,10.2
7094,4.3
4383,1.2
7834,13.4
401,35.1
6818,18.8
342,3.2
6950,2.9
3506,2.5
5781,3.8
3036,5.0
6393,6.1
6343,14.3
806,5.0
312,3.2
4512,1.3
231,22.0
6691,16.0
7652,27.7
3567,10.8
4575,11.7
4800,2.0
1677,1.4
8040,25.7
5856,5.7
5080,2.1
7656,22.9
2153,1.5
1716,2.7
719,5.9
3269,4.5
7755,22.5
5425,9.9
1793,32.1
3129,1.2
7600,5.2
7754,20.1
1804,5.2
7400,4.9
1850,5.8
5413,1.4
4705,4.9
1410,2.5
2413,6.8
189,27.0
5242,2.1
5173,4.4
3999,4.4
3152,8.5
2528,1.5
4419,1.9
3986,1.4
1936,5.9
5921,0.3
6600,2.9
6684,13.0
161,8.0
8012,15.8
6385,1.7
7180,4.2
6538,1.8
1994,4.3
4507,2.8
29,21.2
3171,2.5
5362,2.3
5120,1.0
519,8.1
3655,1.1
1727,1.9
3731,2.2
939,2.6
864,4.5
2772,3.0
756,3.8
6805,2.7
6293,12.5
6776,11.3
6586,2.7
359,3.4
5079,1.6
7709,1.7
7010,12.1
6209,2.5
4854,2.4
5553,2.5
5945,0.8
4587,2.8
3561,12.4
7302,1.0
448,7.8
5814,1.9
7407,4.2
6787,3.5
5644,1.6
7467,17.4
7217,2.8
3791,3.1
5703,3.3
6653,8.1
7199,13.4
2711,1.4
7108,17.8
849,4.3
6479,12.6
1354,3.6
7583,16.9
6381,4.9
4259,1.8
7658,23.0
1305,9.1
7116,8.4
5249,0.8
7530,2.6
6860,15.7
6959,3.6
3500,4.0
1184,5.7
3162,1.1
536,2.5
8123,13.2
8057,15.5
570,17.5
4488,1.8
6119,7.4
3859,4.2
4202,1.3
546,3.2
58,19.6
7953,4.2
959,1.9
6285,6.7
3948,1.9
4855,1.4
7601,4.5
784,1.7
3748,1.2
